"","HurshPmax","ObservedPmax","HurshDerivative","AnalyticPmax"
"1",5.28247738828316,5.10504999975406,5.27173059079414,5.27173053927974
"2",6.01578046011768,4.89778819368446,5.99900688324671,5.99900684696024
"3",7.5483301677937,5.33334895487621,7.58375670530471,7.58375666316029
"4",3.90733003164164,4.51855944374923,3.96230337827093,3.96230328019526
"5",3.55261507558408,4.24619563946313,3.54099832289658,3.54099828642922
"6",7.01923191648902,4.9545019080479,7.17181052516642,7.1718104663197
"7",5.58991790636054,4.68813382145265,5.56662896570944,5.56662891565714
"8",5.33408995357939,4.78630092322638,5.30557218707413,5.30557213832371
"9",7.10536302052959,5.33334895487621,7.50852120330433,7.50852114911219
"10",6.1687094596665,4.96592321450336,6.16949088236145,6.16949083305189
"11",5.9888411913051,5.16416369272071,5.9499458262389,5.94994578860547
"12",6.75763107441897,5.02342589522387,6.89033320860754,6.8903331547723
"13",6.87889500126193,5.04661297563528,7.09330559022104,7.0933055256013
"14",4.68037173652978,4.92039535681451,4.7569317571523,4.75693172870436
"15",3.87626045407416,4.2854852039744,3.87642796258283,3.87642788191635
"16",7.9610783832768,5.71478636671867,8.54898965503229,8.54898958356785
"17",4.82149275230907,4.6131757456038,4.83354601612716,4.83354594815098
"18",7.31236144064618,5.43250331492433,7.39512903027381,7.39512897970223
"19",4.04139603092363,4.29536426764887,4.05895978728394,4.05895970365379
"20",5.56859842719121,5.05824662003114,5.62923708801555,5.62923703352064
"21",9.22777470701558,5.58470194736831,9.43476844661209,9.43476842263719
"22",4.58558143309813,4.57088189614875,4.56130215527627,4.56130209692332
"23",4.75759958109036,4.43608643931433,4.86165827037434,4.86165818345228
"24",4.61189296023134,4.69894108605216,4.59574028964866,4.59574023335189
"25",4.45129681460649,4.53941616650203,4.42840414479578,4.4284040842756
"26",6.60312569264506,5.02342589522387,6.75804461430407,6.75804459523928
"27",5.30427905257325,4.84172367584099,5.31176214889877,5.3117620883239
"28",6.54557067992551,5.11681835540308,6.70915496151209,6.70915489718785
"29",6.12015961614665,5.03500608787905,6.30615366839102,6.30615359670088
"30",5.31370804350223,4.92039535681451,5.30955473775009,5.30955467995056
"31",4.51570607855432,4.20726628384444,4.55106960720169,4.55106952846392
"32",4.46144196442472,4.53941616650203,4.43738333370379,4.43738329380347
"33",6.08068920587943,5.09330871057195,6.16025772014079,6.16025766694202
"34",5.54044682771714,4.92039535681451,5.50054473628712,5.50054469706299
"35",5.65191272688662,4.88652359342834,5.71093011962154,5.71093005458567
"36",5.58070506341365,5.0815944256056,5.84884754676002,5.84884750658045
"37",8.71888861890774,5.44502652842421,9.07054775768884,9.07054770321006
"38",6.40067769779692,4.80839348449728,6.4382048565008,6.43820480265962
"39",4.55972292898791,4.37522105158252,4.57043460342221,4.57043453173473
"40",4.31884718085474,4.59198012836868,4.29117489725201,4.29117487893116
"41",7.55948683631384,5.16416369272071,7.87489532785707,7.87489526453529
"42",8.40666495584099,5.45757861091271,8.35347715403818,8.35347712408897
"43",4.2264541732266,4.2854852039744,4.22917547801644,4.22917540311844
"44",4.64545760261592,4.42588372362626,4.73080679270284,4.73080671145678
"45",9.71565675011499,6.54636174067275,11.8101403915852,11.8101402964009
"46",6.34066258402092,4.90907876152603,6.37804173959486,6.37804168502852
"47",5.7807001953647,5.16416369272071,5.77036768997663,5.77036763822722
"48",8.6936761666864,5.32108259266794,9.41738434557146,9.4173842928843
"49",4.03446842142933,4.52897579903621,4.00534696868771,4.0053469133279
"50",8.16143615047892,5.58470194736831,8.77727465904551,8.77727459038963
"51",4.06393012214242,4.47713304176363,4.07180957618373,4.07180957618373
"52",5.78798411608302,4.92039535681451,5.81611244868124,5.81611238999331
"53",6.81120829354161,5.55904257270404,7.25775165871308,7.25775159729594
"54",5.48405708779079,5.04661297563528,5.51809660568046,5.51809660455113
"55",5.26881720162381,4.75335225942805,5.26833334585603,5.26833328667936
"56",5.43799660560819,4.79733448636689,5.48113876485603,5.48113869938267
"57",6.78076540490926,5.00034534976978,6.81732393151574,6.81732388095277
"58",5.68435298557283,5.24807460249773,5.64792126254019,5.64792121833135
"59",11.5538237495543,6.51628394060843,13.9271652675043,13.9271652242828
"60",6.32843037572869,5.0815944256056,6.3551388267194,6.35513877459877
"61",4.90048424166988,4.48745389933132,4.89851726366533,4.89851726233888
"62",6.29537973819648,5.15228644581757,6.58924952061944,6.58924944411046
"63",7.09537600472009,5.54625712957911,7.27857563052262,7.27857557770696
"64",4.14632524117987,3.81944270840046,4.12399545489635,4.12399539602943
"65",4.08338267086003,4.40554863506553,4.08921439155842,4.08921431284644
"66",6.99997408773798,5.49540873857625,7.10307413227155,7.1030740774165
"67",6.42458291301924,4.96592321450336,6.38603473806902,6.38603469899935
"68",10.8071047622116,5.9566214352901,11.455939145986,11.4559391093821
"69",5.98706454128319,4.85288500162121,5.94987450983539,5.94987447450704
"70",5.04226537711808,4.97737084978936,5.17018629751471,5.17018621300553
"71",6.44021790061486,4.93173803954936,6.57581931514924,6.57581927463082
"72",6.81960176965798,5.38269782516288,7.05133670080685,7.05133665053565
"73",4.64104164076138,4.53941616650203,4.66561022027318,4.6656101567033
"74",6.56135897836561,4.9545019080479,6.74569372858483,6.7456936724618
"75",5.46270830890812,5.05824662003114,5.45858439659227,5.45858434033547
"76",6.80963894895909,5.32108259266794,6.92294312488019,6.92294306707695
"77",3.23215299078047,3.90840895792402,3.20887911715635,3.20887909191264
"78",7.72903371526037,5.26017266390706,7.85505087349128,7.85505082300869
"79",6.13160433305945,4.89778819368446,6.30227086967088,6.30227079916052
"80",7.14984736841709,5.38269782516288,7.35293859451225,7.35293859400688
"81",4.48198521837744,4.11149721104522,4.46557089495927,4.46557087995145
"82",3.99805649969092,4.1399967481973,3.99923392184194,3.99923387580956
"83",8.64671602383023,5.5718574893193,9.51303702294009,9.51303695454201
"84",7.78133883113315,5.33334895487621,8.33440207654239,8.33440200771686
"85",5.99411412728863,5.15228644581757,5.9921268443405,5.99212684149803
"86",7.21135839932516,5.26017266390706,7.49942333169427,7.49942326903689
"87",5.70959964464166,5.06990708274704,6.02631504808047,6.0263149718714
"88",6.087104530019,5.00034534976978,6.10879514636548,6.10879509178525
"89",6.3831062232062,5.17606831950568,6.37282424243205,6.37282420186173
"90",9.2908225944753,4.73151258961481,9.22589657315133,9.22589657197879
"91",6.47345787380176,5.12861383991365,6.81414561814745,6.81414561704615
"92",5.76644641933186,4.70977326396953,5.724815854409,5.72481583987634
"93",6.38334255843792,5.10504999975406,6.49081731147289,6.49081725103169
"94",3.72994947886554,3.91741877107783,3.71419980045364,3.71419975607178
"95",5.67567712861279,4.86407205691462,5.63643996206913,5.63643992615959
"96",6.57740367510175,4.81947797625128,6.63194204579323,6.631941991456
"97",6.44610201527055,4.9545019080479,6.41594672391391,6.41594668864461
"98",6.0691565717926,5.35796657513342,6.0670299797243,6.06702996792484
"99",4.46931835500683,4.57088189614875,4.48608870882731,4.48608863393911
"100",5.78520539045713,4.66659380314289,5.76946702555556,5.76946701033906
"101",6.61284506080455,5.05824662003114,6.92935103937064,6.92935097387098
"102",3.74945852609405,4.2854852039744,3.73595941506435,3.73595941486541
"103",6.00531162807269,4.9545019080479,6.14314651293424,6.14314651132596
"104",4.93781156143362,4.7206304126359,4.90621767065514,4.90621763758125
"105",7.80377646195559,5.38269782516288,8.25458271298674,8.25458268082544
"106",8.46734157213657,5.83445104273745,8.85137871886354,8.85137866201413
"107",8.10472611750837,5.01187233627272,8.19463679438352,8.19463675132428
"108",5.62571664543313,4.85288500162121,5.8229564674935,5.82295641579322
"109",3.86557479445148,4.31519076827765,3.84485713617491,3.84485712567712
"110",5.31175611017185,4.78630092322638,5.45580500926909,5.45580492790441
"111",4.63221547711813,4.43608643931433,4.62463959299955,4.62463955345768
"112",6.78834083960478,5.33334895487621,6.95211371265581,6.9521136525828
"113",6.50797841526648,4.96592321450336,6.46273577708704,6.46273577703542
"114",7.60116952752528,5.90201080171844,7.74101529902455,7.74101524648887
"115",17.9528504168838,7.49894209332456,23.1741629081485,23.1741628574054
"116",8.60444694865314,5.83445104273745,9.34629652816844,9.34629645870725
"117",5.30236982872217,4.36515832240166,5.28689834139497,5.28689828651418
"118",5.69917617390338,5.05824662003114,5.69144799627006,5.691447977722
"119",6.81692447456152,5.49540873857625,7.0029333499651,7.00293333794271
"120",4.41860372888181,4.40554863506553,4.38670356334148,4.38670351339843
"121",6.45979457634813,5.33334895487621,6.53087487524435,6.53087485601383
"122",5.65312005317247,4.78630092322638,5.65098632792365,5.65098627460069
"123",7.60820827231828,5.5975760149511,7.97134304866587,7.97134298378852
"124",4.8609195971385,4.78630092322638,4.82740691638839,4.82740690314315
"125",4.9403220071002,4.33510878387529,4.95135462857545,4.95135456254737
"126",6.69355180406024,5.58470194736831,7.51290165886221,7.51290157050025
"127",5.96148138459395,5.06990708274704,6.17497771667818,6.17497763934964
"128",4.88297020286055,4.70977326396953,4.91324128225263,4.91324121107236
"129",5.8690057904623,4.84172367584099,5.88606268534787,5.88606265539433
"130",4.63050430808709,4.40554863506553,4.66488720873909,4.66488713237514
"131",5.33640508750553,4.39541615437825,5.3213465545443,5.32134649986449
"132",4.68764663659612,4.35511873685569,4.65961599437057,4.65961595474654
"133",9.68136643365424,5.75439937337157,10.2245921267811,10.2245920844279
"134",6.41289755337823,5.34564359396972,6.55916209501157,6.55916203035594
"135",2.82641034977705,3.94457302075278,2.83213182468357,2.83213178676136
"136",5.36998042576759,4.86407205691462,5.35336506471479,5.35336502259237
"137",6.60444834763652,4.98884487460012,6.58919125439017,6.58919121208629
"138",7.44717634514295,5.45757861091271,7.53142437653918,7.53142432668276
"139",7.04247853210035,5.2360043658575,7.04546988716189,7.04546984246167
"140",4.80272215948963,4.57088189614875,4.87011747287178,4.87011740560238
"141",4.57260878276437,4.52897579903621,4.56168788472195,4.56168782014456
"142",5.66045784079177,5.09330871057195,5.64683461780717,5.64683456566614
"143",6.45609614344064,5.24807460249773,6.75508711593013,6.75508704391115
"144",5.09122031575193,4.94310686986835,5.36654071813345,5.3665406170564
"145",3.61970363063463,4.02717034325459,3.59370600203615,3.59370600002082
"146",4.68277826837756,4.6238102139926,4.65361238469204,4.65361238409937
"147",7.85759889178285,5.44502652842421,8.29261676946812,8.29261670350756
"148",4.79886478053614,4.42588372362626,4.77352728795887,4.77352725114317
"149",7.3830794105596,5.63637655825954,7.50860515964839,7.50860511445969
"150",4.86683804901054,4.73151258961481,5.1148390298696,5.11483892660344
"151",5.7849509979839,4.96592321450336,5.7895292708134,5.78952921990432
"152",4.41919997027455,4.46683592150963,4.39759875545997,4.39759875351829
"153",3.71691815255971,4.22668614265603,3.69705209755562,3.69705206260164
"154",4.59280116828166,4.7206304126359,4.60255147828737,4.60255143204017
"155",4.41754615327295,4.56036915951296,4.38657169669845,4.38657164312601
"156",5.83143577702258,5.02342589522387,5.84143899701363,5.84143894172286
"157",7.08185122280688,5.29663443891658,7.05648433394684,7.05648429470514
"158",8.50726246515289,5.64936974812303,8.76554005516793,8.76554000678653
"159",6.83240441336007,5.37031796370253,6.80137017680942,6.80137013742858
"160",4.87453422579585,4.98884487460012,4.85246048055932,4.85246048032829
"161",5.39460305906875,4.81947797625128,5.49507922188021,5.49507915969521
"162",9.42009755473243,5.84790084144481,9.69854089708774,9.69854087492607
"163",7.93364225492193,5.42000890401624,8.17273163540884,8.17273157972074
"164",4.64854339265862,4.85288500162121,4.61742083544316,4.61742079278221
"165",6.19508736455116,5.5975760149511,6.24918486955422,6.24918481789147
"166",5.29894689655086,4.69894108605216,5.34847943183585,5.34847936339646
"167",8.39463793644164,5.53350109215737,8.43997145205498,8.43997142189744
"168",7.52758029279255,5.83445104273745,7.64476906547431,7.644769013974
"169",4.92794331676138,4.88652359342834,5.0277534497687,5.02775344774485
"170",5.02768437091797,4.94310686986835,5.003501294509,5.00350124017881
"171",5.63860569097217,5.01187233627272,5.63531292383502,5.63531286912492
"172",9.7173132130556,6.08135001278718,10.039937809076,10.0399377815309
"173",7.12491028966191,5.61047976032471,7.13049560941931,7.13049556560178
"174",6.68416967444387,4.5081670454146,6.63885033982847,6.63885030354663
"175",5.76367056302455,4.87528490103387,5.80926782250293,5.80926776106579
"176",4.5177671655408,4.70977326396953,4.48771422512898,4.48771418147906
"177",7.2068264285028,5.15228644581757,7.18870291039052,7.18870286955757
"178",5.57349212401095,4.94310686986835,5.61155933860841,5.61155927568491
"179",5.746032245299,4.46683592150963,5.99971518021866,5.99971510610084
"180",4.42268149464297,4.5081670454146,4.40528787607277,4.4052878123044
"181",7.16902291986064,5.40754322945581,8.13127485207391,8.13127475241128
"182",6.27522142669133,5.0815944256056,6.28417483613493,6.28417478608963
"183",5.06971751634984,5.06990708274704,5.12216366977294,5.1221635973467
"184",5.149903704118,4.93173803954936,5.13216667326934,5.13216662399163
"185",7.72594001984017,5.32108259266794,8.12380009804273,8.12380003329459
"186",7.1580290889284,4.89778819368446,7.16260642589703,7.16260640082309
"187",6.96912886093773,5.44502652842421,7.07800576611555,7.07800576286547
"188",3.28045698970638,4.04575891697443,3.28924890178239,3.28924889940087
"189",5.39190485832404,4.84172367584099,5.38890331013149,5.38890325288371
"190",4.85641975771276,4.9545019080479,4.84756268871059,4.84756268791196
"191",10.6287445329075,6.23734835482419,11.102784107518,11.1027840680217
"192",5.59350601656577,4.80839348449728,5.72106706037568,5.72106698595309
"193",7.59817642873591,5.94292158615573,7.81703428554696,7.81703428455152
"194",12.0175272673801,6.33869711256927,13.3696330556167,13.369633028912
"195",7.40243892110589,5.48276964920854,7.78566021943431,7.78566021481845
"196",10.0500135163776,6.23734835482419,11.4112247155994,11.4112246435035
"197",5.81950732034261,5.14043651582426,5.85711013413598,5.85711007418672
"198",5.38609870683846,5.15228644581757,5.42461101518137,5.42461094977754
"199",6.72374628038711,5.16416369272071,6.86928096963651,6.86928090825408
"200",5.05442391731756,4.69894108605216,5.05109873393626,5.05109867300302
"201",6.82608267617147,5.0815944256056,6.90010173909811,6.90010168519843
"202",7.81882932568783,5.33334895487621,7.89173852634869,7.89173848089826
"203",3.9113658172583,4.17830366646622,3.9023477283528,3.90234772683825
"204",5.52570974438655,4.6131757456038,5.56724465495294,5.56724459650866
"205",5.15008850461534,4.78630092322638,5.15154951854438,5.15154951556634
"206",3.46173274344472,4.00866717627303,3.4368711738384,3.43687110793165
"207",16.9215254479461,7.55092227665434,21.1695954548893,21.1695954073101
"208",7.16263652420346,4.97737084978936,7.20700480604435,7.20700480603876
"209",6.62500251398171,5.30884444230988,6.72942793972271,6.72942788263689
"210",3.89026571093248,4.20726628384444,3.87734247178848,3.87734239787133
"211",10.0343058330649,6.26613864672336,11.1848616025803,11.1848615980389
"212",3.76300431316729,4.08319386332692,3.74648730131721,3.74648725689455
"213",7.27854172786559,5.24807460249773,7.2534454680872,7.25344542975702
"214",4.09235259285889,4.49779854893288,4.07233182887639,4.07233182502041
"215",4.11310563216717,4.2854852039744,4.08475284112636,4.08475279373659
"216",3.90846499289099,4.39541615437825,3.90575121527375,3.90575118096555
"217",3.7849155799921,4.19758983991008,3.75859421994376,3.75859418267761
"218",4.55235745992867,4.33510878387529,4.6338211022083,4.63382101466441
"219",7.52826433226901,5.48276964920854,8.48453362081764,8.48453360087134
"220",3.78704691234015,4.1399967481973,3.76353745175951,3.76353738475383
"221",4.51420914778925,4.0179081084894,4.51882964971535,4.51882957906585
"222",4.82123258542371,4.41570447353313,4.82167284556215,4.82167278064115
"223",8.36618818946202,5.82103217770872,8.9237424039259,8.92374233829918
"224",4.26282475024116,4.35511873685569,4.24736096442778,4.24736095123621
"225",4.71790991349833,4.56036915951296,4.70205091728133,4.70205086362297
"226",15.257545347409,6.72976656284318,16.8635693304926,16.8635692878808
"227",5.55734078508044,4.6238102139926,5.57867855575879,5.57867849543327
"228",6.76799464162554,5.12861383991365,7.00540910604536,7.00540903830556
"229",6.26852650156624,4.77529273657691,6.45757395852592,6.45757388816138
"230",4.61673104352665,4.05508535448384,4.65391867478698,4.65391860521654
"231",9.95327064656526,6.19441075076782,10.1074770789939,10.1074770724168
"232",12.4925746374898,6.72976656284318,12.9606796648437,12.9606796642901
"233",5.13360988238038,4.85288500162121,5.12475628714186,5.12475622863174
"234",3.1770286398687,3.85478357665772,3.17683885044261,3.17683875224654
"235",6.57659423311869,5.24807460249773,6.60171810539174,6.60171805444226
"236",4.88873938723732,4.65586093522959,4.88465225423409,4.88465219148737
"237",8.85605015393425,6.0394862937638,9.65998974151277,9.65998974129699
"238",3.63445196545553,4.05508535448384,3.61926411058789,3.61926406526203
"239",5.45005037642776,4.98884487460012,5.50623769514337,5.5062376278006
"240",4.20354857888447,4.27562886151586,4.17597167399395,4.17597163048669
"241",5.53466054230311,5.09330871057195,5.69180008073062,5.69180008059368
"242",4.43079664312354,4.42588372362626,4.49316386872443,4.49316378222954
"243",8.2434098225974,5.75439937337157,8.48831528877787,8.48831523875611
"244",7.18852528577638,5.06990708274704,7.15433480474297,7.15433478360238
"245",4.37634980970725,4.34510224171571,4.35354910453866,4.35354910268469
"246",3.89373936397592,4.35511873685569,3.8768585139949,3.87685849714745
"247",9.54875538373224,5.5975760149511,9.5885859645067,9.58858592921138
"248",7.10894907444681,5.10504999975406,7.28520018485304,7.28520012526994
"249",7.00435990103784,5.39510622515128,7.19899997581416,7.19899992888425
"250",8.29279873635528,5.63637655825954,8.78018900425851,8.78018895225271
"251",5.70715665313533,4.74241985260245,5.68054697698834,5.68054692903024
"252",7.9249223263483,5.48276964920854,8.4058027779272,8.40580275105445
"253",8.39529669059378,5.9841159506032,9.97505227903782,9.9750521771238
"254",5.5905173776552,4.98884487460012,5.7916525378115,5.79165246234938
"255",5.63889938977734,5.03500608787905,5.67109250531898,5.67109244412035
"256",3.09584416061461,3.77572190925416,3.08122378478212,3.0812237796897
"257",4.84211741524036,4.74241985260245,4.89071016706011,4.89071015991845
"258",5.49517058164326,4.70977326396953,5.58983788383824,5.58983781187493
"259",5.92429360600162,5.30884444230988,5.92297460346928,5.9229746008433
"260",4.6549755280157,4.6451527522275,4.62444944999266,4.62444940800948
"261",6.34972918776037,5.26017266390706,6.53858388178741,6.53858381277599
"262",5.82298669891313,5.06990708274704,5.93839839395828,5.93839832428051
"263",5.23568700169626,4.86407205691462,5.29995613118893,5.29995605944171
"264",5.65496947558569,4.83058802039773,5.61481495977383,5.6148149249867
"265",4.81920173221295,4.6451527522275,4.84231827568081,4.84231820505254
"266",6.06058270937846,5.06990708274704,6.18730245407632,6.18730238646751
"267",5.67379441662496,4.73151258961481,5.72487113775829,5.72487113775715
"268",5.94127864776186,5.12861383991365,6.02664124949069,6.0266411901175
"269",5.66995655615873,4.80839348449728,5.76653774388529,5.76653768161642
"270",12.5194698465225,6.51628394060843,13.1703303624638,13.1703303596121
"271",6.74421277548712,5.24807460249773,7.2105951172153,7.21059503535014
"272",5.05660733866854,4.84172367584099,5.11750251957032,5.11750244548041
"273",4.81273723711139,4.60256573581356,4.82145940942605,4.82145934216287
"274",10.3404859568553,6.48634433548239,10.9837142223031,10.9837141702261
"275",9.90823329653397,5.99791076255509,13.8288102571843,13.8288100977683
"276",6.29782995246566,4.89778819368446,6.32731888566519,6.32731883568252
"277",6.99737615998166,5.04661297563528,7.07572282485403,7.07572277189327
"278",7.18267116762753,5.50807696405404,7.18549507011233,7.18549502636765
"279",4.13043407525582,4.51855944374923,4.10380172503626,4.10380166721447
"280",6.26125304407572,5.00034534976978,6.65845136766366,6.65845133219865
"281",5.61211984696644,4.74241985260245,5.63861623088408,5.63861617030543
"282",4.66256145675231,4.54988060150048,4.64026110758067,4.64026105961495
"283",9.78648823971492,5.94292158615573,10.2157189185928,10.215718884523
"284",7.68140867776472,5.24807460249773,7.96341245267767,7.96341240542554
"285",11.227531943226,6.57657837355421,12.2545311933443,12.2545311385253
"286",3.89063588561986,4.34510224171571,3.86793100297267,3.86793095575544
"287",6.18626376343382,5.02342589522387,6.25025085004039,6.25025079071977
"288",6.44455605263043,4.59198012836868,6.58692158311803,6.58692151944382
"289",7.39652899972177,5.2844525177518,7.56382087861879,7.56382082236133
"290",6.08229033414106,5.11681835540308,6.03846445471214,6.03846441890991
"291",6.67018896143705,5.53350109215737,6.83561525443974,6.83561519104143
"292",6.07427137457053,5.17606831950568,6.11076891555056,6.11076885924157
"293",6.34124814348042,5.2239618899912,6.3925581463184,6.39255809381041
"294",4.48558997949667,4.65586093522959,4.45575726460872,4.45575722061597
"295",4.48703181084518,4.5081670454146,4.45679251939995,4.45679246492171
"296",6.99487947670754,5.63637655825954,7.6801088599894,7.68010885571605
"297",4.53309785711102,4.52897579903621,4.50215708208218,4.50215702863195
"298",8.93430135225903,6.06736329588505,9.39184951573578,9.39184947183129
"299",3.84781263597662,4.11149721104522,3.82034623064799,3.82034617543823
"300",4.28401022022582,4.49779854893288,4.31623684998751,4.31623677323589
"301",6.75874213311059,5.01187233627272,7.04627769044439,7.0462776193215
"302",7.80872541740953,5.33334895487621,7.86793928644522,7.86793927134713
"303",4.7676917760783,4.88652359342834,4.76667353187196,4.76667347378617
"304",11.4966121012343,6.72976656284318,13.5111747796388,13.511174708052
"305",9.77036506723641,6.02559586074358,11.1335437538295,11.1335437073347
"306",8.45109258748546,5.58470194736831,9.00696791542732,9.00696785208566
"307",10.8276803300348,6.66806769213622,11.0892714442709,11.0892714053523
"308",5.19588231905732,4.75335225942805,5.19453084426509,5.1945308191792
"309",5.51627093496626,4.7206304126359,5.49094853431486,5.49094848437146
"310",6.54310191111545,5.40754322945581,6.88923229848037,6.88923224842805
"311",3.83245584888695,4.27562886151586,3.81005041748064,3.81005036951427
"312",5.45727787325811,4.6131757456038,5.44153081659618,5.44153076322482
"313",3.80696233000331,4.36515832240166,3.79937037781814,3.79937033931392
"314",2.7587863489076,3.76703798983909,2.75020389394856,2.75020385354388
"315",6.06663917520949,4.87528490103387,6.13295427445237,6.13295421362895
"316",4.45295492894175,4.02717034325459,4.60080104471469,4.60080104160969
"317",12.4067583255553,6.87068440014232,12.8862072038686,12.8862071667629
"318",6.46012239872013,5.53350109215737,6.41424646588221,6.41424645432379
"319",9.74507579898401,6.53130552647472,10.8762557113742,10.8762556681263
"320",4.40315961821554,4.67735141287198,4.37226527690817,4.37226524541808
"321",5.07642014251719,4.30526610491711,5.10998435282716,5.10998428477317
"322",7.03179158407079,5.44502652842421,7.10081141399708,7.10081137408123
"323",5.2828666056685,4.92039535681451,5.37399614563949,5.37399607097559
"324",6.43605767746851,5.29663443891658,6.88149812546199,6.88149804894842
"325",5.20130593277689,4.78630092322638,5.19156513338079,5.19156507584522
"326",6.13544560138978,4.69894108605216,6.21133657430364,6.21133651826773
"327",6.22105028134034,4.94310686986835,6.29922495446868,6.29922493541781
"328",7.26773258966353,5.43250331492433,7.40931659330314,7.40931653767468
"329",8.85006853753421,5.5975760149511,10.363420468278,10.3634203781616
"330",9.27328635786048,5.76766463392251,9.5094495957183,9.50944956437995
"331",4.92434967804361,4.60256573581356,4.98127281029517,4.98127273464079
"332",8.54570659348726,5.33334895487621,8.60601115713071,8.60601111597139
"333",5.3029991790763,4.89778819368446,5.28522478229354,5.28522473473758
"334",5.340353938643,4.63446919736288,5.309838810586,5.30983878099942
"335",7.01449213405127,5.00034534976978,7.42256142625467,7.42256135107712
"336",4.19422188786149,4.14954042634363,4.21414891466107,4.21414890531021
"337",6.89433266801404,5.30884444230988,7.10016039405768,7.10016037092522
"338",6.18320524647174,5.0815944256056,6.15728786914046,6.15728786913689
"339",5.93073694328474,4.89778819368446,6.28345791489511,6.28345782541884
"340",7.22523848363951,5.61047976032471,7.24885343903189,7.24885339307393
"341",6.17748841848229,5.17606831950568,6.5209075089476,6.52090742500626
"342",4.63530387309135,4.40554863506553,4.61182737761557,4.61182732373705
"343",4.50734331200519,4.46683592150963,4.5071338892287,4.50713381998787
"344",10.0072340301708,6.20869034230064,10.9100891034196,10.9100890422337
"345",4.74624691884008,4.78630092322638,4.71270818355237,4.71270814907218
"346",6.30439268317033,4.98884487460012,6.60508744347656,6.60508740506522
"347",7.96199229281796,5.67544605408547,8.23514251023841,8.23514249969999
"348",5.85909025894979,4.63446919736288,5.90071689478503,5.9007168462067
"349",9.51774900755609,5.58470194736831,10.2454303221778,10.2454302776148
"350",8.47375140312163,4.74241985260245,8.93041836328517,8.93041836159265
"351",5.94861976624844,4.97737084978936,6.20841988305299,6.20841980901998
"352",5.19386161008049,4.73151258961481,5.20506958822086,5.20506952550063
"353",6.73951480332336,5.38269782516288,7.11170532536175,7.1117052484741
"354",5.43400844455847,5.14043651582426,5.43056198015576,5.43056192344904
"355",6.19328405576076,4.93173803954936,6.26360879652281,6.26360879640408
"356",5.26025742926088,4.88652359342834,5.51229682159913,5.51229675478693
"357",5.58723587608562,4.65586093522959,5.58997967290453,5.58997961642206
"358",10.1005727774101,6.3241185137622,11.0415045023196,11.0415044941775
"359",4.56377777222768,4.60256573581356,4.53134631384731,4.53134626765845
"360",4.90134350535385,4.80839348449728,4.94691562681103,4.94691555286652
"361",8.8966688082619,5.54625712957911,9.37070322249347,9.37070321617542
"362",6.11860583294377,5.24807460249773,6.27768598220564,6.27768598208614
"363",4.88163329214832,4.79733448636689,4.85281805640965,4.8528180563282
"364",7.28726376786864,5.17606831950568,7.67654023330772,7.67654016381991
"365",5.98103088621698,4.98884487460012,6.11055138506498,6.11055131661066
"366",6.30482180767763,5.01187233627272,6.38422970492357,6.38422964549573
"367",3.89054080115845,4.10204102986607,3.86356328875364,3.86356322726462
"368",6.53522308350244,5.10504999975406,6.69548552538034,6.69548546186433
"369",5.06116830405561,4.35511873685569,5.05203145045003,5.05203139122131
"370",4.01947100903783,4.47713304176363,3.99227589456234,3.99227583613028
"371",12.7990486043385,6.72976656284318,14.4957244424973,14.4957243868769
"372",5.92502601799515,4.88652359342834,6.07245932279197,6.0724592531109
"373",6.97151686492905,5.38269782516288,7.26681402966212,7.26681396969829
"374",5.46394532873911,4.79733448636689,5.4309346226781,5.430934575559
"375",5.16483939557032,4.49779854893288,5.13161259833434,5.13161255502164
"376",8.84243685674573,5.79428696426881,8.98073305028661,8.980733019417
"377",4.99320865066048,5.01187233627272,5.10491054625219,5.10491046454213
"378",11.2074394294149,6.62216503701762,12.7586870612118,12.7586870118409
"379",8.52209708374941,5.71478636671867,8.68464587943435,8.68464583309767
"380",9.53418757099557,6.10942024905572,11.7073318989832,11.7073318122743
"381",4.47636807193545,4.54988060150048,4.45373124343741,4.45373118303346
"382",5.30903970584367,4.75335225942805,5.27926125737889,5.27926121490133
"383",7.27260836281579,5.34564359396972,7.36281714959169,7.36281709805035
"384",4.44346128299969,4.40554863506553,4.42901960175385,4.42901955244398
"385",7.30483208347636,5.30884444230988,7.48603826124259,7.48603820336981
"386",5.71629878606431,4.86407205691462,5.74161410487568,5.74161409401434
"387",8.9080528018198,5.47015962893972,9.25312218984005,9.25312213707222
"388",7.15312059970559,5.09330871057195,7.13145121439155,7.13145118251512
"389",7.59888217791334,5.40754322945581,7.98020281427697,7.98020274793557
"390",7.02409387351257,4.97737084978936,7.05124454699594,7.05124449925049
"391",6.72689150271538,4.86407205691462,7.17294753678794,7.17294747804699
"392",5.40770415528982,4.43608643931433,5.42656146464639,5.42656140489272
"393",7.82759330300826,5.05824662003114,8.66715505797276,8.667154976066
"394",6.30647593204801,4.88652359342834,6.7309846103814,6.73098452292493
"395",8.29663436290381,6.13762005164795,8.68656663545947,8.68656657577097
"396",5.01705332891682,4.5081670454146,5.04521681196674,5.04521674333232
"397",8.96831950176541,5.97035286583837,9.32930786575347,9.32930781536088
"398",5.17259952556456,4.73151258961481,5.13574861147017,5.1357485848094
"399",8.52671541492013,5.76766463392251,10.6098965952076,10.6098965070857
"400",3.66080581816224,4.52897579903621,3.63512928580554,3.63512928580523
"401",5.12182404708437,4.77529273657691,5.23816792440918,5.23816784306449
"402",3.31170413473296,4.1399967481973,3.28827629210679,3.28827622418068
"403",6.84508691497577,5.43250331492433,7.17377008456215,7.17377002688815
"404",5.62982269066449,4.98884487460012,5.9646963648844,5.96469627356332
"405",5.99934833746428,5.05824662003114,6.42559072699985,6.42559063882932
"406",5.03814389167782,4.67735141287198,5.01144508082437,5.011445027724
"407",3.58620557450314,4.06443329165213,3.60643334340429,3.60643324727405
"408",10.22258715898,4.94310686986835,10.2697545289442,10.269754496975
"409",3.81163919995453,4.04575891697443,3.78709889157644,3.78709882923531
"410",4.75531830486561,4.74241985260245,4.75483661696908,4.7548365514186
"411",23.4289372607505,7.1285303012652,23.8539928703697,23.8539928553434
"412",4.3937772063351,3.97191549469441,4.38627822099974,4.38627821422422
"413",7.16679063945225,5.2844525177518,7.38639187779301,7.38639182887498
"414",4.96065796155451,4.6451527522275,4.94411410046278,4.94411404251778
"415",5.19817654321505,4.90907876152603,5.22753751595065,5.22753744962294
"416",6.60521935776345,5.39510622515128,6.60289418390324,6.60289413697703
"417",4.63808645874067,4.6238102139926,4.604633096556,4.60463304936563
"418",7.08021494814011,5.33334895487621,7.19665963613856,7.19665958068825
"419",6.60722188629826,5.70164272280748,6.81461791746288,6.8146178500421
"420",8.23317341378529,6.16595001861482,9.28726586763847,9.28726585931814
"421",6.40137729371697,4.6238102139926,6.35520556435218,6.3552055292626
"422",10.7381322204364,6.53130552647472,12.4011667659113,12.4011667061323
"423",7.10036259376373,5.53350109215737,7.2166076920325,7.21660763676899
"424",6.91665029231678,4.97737084978936,7.31803681458151,7.31803681079556
"425",8.21960534148537,5.9841159506032,8.4521865221187,8.45218646904781
"426",5.65036312536855,4.7206304126359,5.62895416816118,5.62895411801051
"427",10.1218301843751,6.25172692775686,10.8633579331689,10.8633578811937
"428",5.06763098852789,4.68813382145265,5.08637792465868,5.08637792444494
"429",15.2224509052224,7.43019137896701,19.4656618118234,19.4656617492973
"430",7.42111098936666,5.5718574893193,7.46301693398643,7.46301688766948
"431",4.93503798218292,4.60256573581356,4.98657035722827,4.98657035094339
"432",3.91305367496213,4.56036915951296,3.89832113062064,3.89832108940301
"433",5.78078403220817,4.78630092322638,5.85833744221761,5.85833742319711
"434",4.87986364630583,4.6131757456038,4.9343060637725,4.9343059946207
"435",4.06396096823179,4.1399967481973,4.03544017319384,4.03544011501652
"436",3.67995073223742,3.8904514499428,3.67119174819494,3.671191672151
"437",3.95434142372928,4.26579518801593,3.94778414418329,3.94778408502316
"438",5.88859857888491,4.49779854893288,5.85996483026185,5.8599648029889
"439",3.73352444941524,4.05508535448384,3.71184221060325,3.71184214079986
"440",5.3024211351427,5.03500608787905,5.49291260848849,5.49291252165303
"441",9.07406070039208,5.53350109215737,10.0052613457585,10.005261307083
"442",6.47591441699077,4.58141886714534,6.45756547192893,6.45756542758835
"443",4.76183123349614,4.37522105158252,4.72990732294164,4.72990727143516
"444",6.23031673188706,5.09330871057195,6.19490339372299,6.19490335903659
"445",5.62368872314159,4.6238102139926,5.73097222113381,5.73097214972205
"446",4.20208060189065,4.57088189614875,4.17548998971238,4.17548994420773
"447",8.40625950102747,5.29663443891658,8.97612845399861,8.97612838817201
"448",5.36897109239096,5.04661297563528,5.43651581160951,5.43651574953783
"449",5.73153698731595,5.24807460249773,5.99243410566471,5.99243410432954
"450",5.81935369186023,4.88652359342834,5.81965798846896,5.81965793472704
"451",4.55452058655741,4.45656248397503,4.52163424585245,4.52163419715028
"452",6.7119003851684,5.2360043658575,6.67609953031123,6.67609949061773
"453",6.49354991910838,5.21194711105081,6.46986037761078,6.46986037702708
"454",5.03418622528946,4.6131757456038,5.05529393201794,5.05529386504361
"455",6.83490217023492,5.14043651582426,6.95298749221458,6.95298745310684
"456",3.8942201611401,3.8904514499428,3.86721487955974,3.86721482705935
"457",3.26916694227942,3.99944749761097,3.2761259484289,3.27612594816835
"458",6.01334159585392,5.0815944256056,6.1321292353582,6.1321291679165
"459",6.43635748667301,5.29663443891658,6.60541241032004,6.60541234397957
"460",7.43710003300068,5.71478636671867,7.75901496474116,7.75901490054931
"461",4.79479162684514,4.17830366646622,4.76319603920866,4.76319598753426
"462",8.43503892223228,5.12861383991365,8.43698938786073,8.43698935074144
"463",5.09348131103853,4.7206304126359,5.21427430282217,5.21427423516646
"464",4.52217468969391,4.63446919736288,4.52709471345273,4.52709464283864
"465",5.53156701439156,4.94310686986835,5.62079712544928,5.62079705486386
"466",4.52789182461238,4.5081670454146,4.49829527375945,4.49829524536443
"467",4.35421121265181,4.75335225942805,4.33240014612407,4.33240012353972
"468",4.9085672125488,4.75335225942805,4.8891355592198,4.889135501819
"469",8.8072198490599,5.79428696426881,9.06589342764492,9.06589337785317
"470",5.91544300926377,4.98884487460012,6.02951018549804,6.02951011727478
"471",5.04742156825542,4.70977326396953,5.06634232893595,5.06634232456248
"472",4.30331218462606,4.39541615437825,4.27259041830424,4.27259036892427
"473",3.51169272987913,4.07380277804113,3.49087134529839,3.49087132556042
"474",4.91013063486981,4.56036915951296,4.91900982526014,4.91900975933595
"475",7.74390278136401,5.42000890401624,8.1427550170258,8.14275496216163
"476",4.81187312295899,4.63446919736288,4.80054214236981,4.80054208094866
"477",5.77679031967393,5.09330871057195,5.9620190701286,5.9620190690454
"478",10.5790174967085,5.78096047405718,10.7203080294071,10.7203079962161
"479",5.71712338912104,4.93173803954936,5.95840358228355,5.95840349987574
"480",7.42069766709994,5.10504999975406,7.53910662949109,7.53910658363535
"481",6.32566114898683,5.12861383991365,6.28645415956347,6.2864541195998
"482",7.31537813134062,5.67544605408547,7.31914934583415,7.31914930351073
"483",8.47971681249074,5.80764417521312,8.90704645055479,8.90704639098223
"484",5.62305559550711,4.7206304126359,5.67772453926657,5.67772453247575
"485",5.57924881036479,4.6238102139926,5.58353291145939,5.58353287894891
"486",12.4804200093094,6.36795520907916,13.69636219259,13.6963621512278
"487",4.55518945928776,4.2854852039744,4.68697688301899,4.6869768387208
"488",7.94360564253307,5.27229861422823,8.01723993800368,8.01723989249619
"489",7.07953633997641,5.79428696426881,7.09798553620688,7.09798548985714
"490",4.23304762999278,4.6131757456038,4.20297475861012,4.20297475681155
"491",6.27110812151747,4.78630092322638,6.24936873787104,6.24936869222025
"492",5.81689031581407,5.2360043658575,5.84431225810001,5.84431219966329
"493",6.34305009300817,5.48276964920854,6.55478520177444,6.55478513206853
"494",6.91990211564869,5.2360043658575,7.37354225326933,7.37354217489482
"495",4.70391770165961,4.56036915951296,4.71191479627298,4.71191472759614
"496",9.98426680750631,5.68852930843841,10.2581361006833,10.2581361006064
"497",5.95385997497952,4.81947797625128,6.07009568186023,6.07009561544527
"498",8.86482148547134,6.26613864672336,9.78886876685007,9.78886876684967
"499",7.92243568729383,6.15176872709868,8.12528745373369,8.12528740040796
"500",9.04403618121113,5.67544605408547,9.56838196893952,9.56838191206293
"501",8.0953010976325,5.74116462207327,8.80271220461812,8.80271213212651
"502",6.03103644176546,5.09330871057195,6.04201329313918,6.04201323953442
"503",3.95192844335701,4.1399967481973,3.92930137963896,3.92930135318386
"504",3.346413622003,4.16869383470335,3.32522873520791,3.32522872170846
"505",11.1115379000427,6.80769358693742,12.0869126440471,12.0869125895037
"506",3.73172715389108,4.16869383470335,3.70498354753664,3.704983543701
"507",5.34926876296745,4.74241985260245,5.31085661951447,5.3108565806761
"508",5.7414303450595,4.80839348449728,5.71863183553113,5.71863178647234
"509",3.68174567073479,4.03645392967605,3.65638394779094,3.65638389289563
"510",7.10529626248208,5.18800038928961,7.1803977093365,7.18039768066282
"511",4.50179973432915,4.49779854893288,4.48545700602447,4.4854569934921
"512",5.2735829973569,4.58141886714534,5.27842384736703,5.27842379737431
"513",9.26229762381222,6.09536897240169,9.72950044797423,9.72950039342338
"514",9.0586190909129,5.53350109215737,9.17101171048512,9.17101166895668
"515",4.36334577406844,4.6238102139926,4.33351251272785,4.33351245726903
"516",4.68649823685306,4.63446919736288,4.70682418444678,4.70682411233849
"517",7.7790223160727,5.37031796370253,8.08273360769648,8.08273359863393
"518",3.04881741575961,4.00866717627303,3.05758491634559,3.05758488131748
"519",4.34203208666026,4.57088189614875,4.31856151870313,4.31856145739088
"520",4.81192303240942,4.6451527522275,4.78045826027839,4.78045821974199
"521",7.27612911532565,5.55904257270404,7.23924044182493,7.23924040473395
"522",6.83027590775241,4.9545019080479,6.78095746795983,6.78095743881815
"523",4.18047489854585,4.40554863506553,4.15180594723553,4.1518058894835
"524",4.4762547232657,4.54988060150048,4.47397306138428,4.47397299235473
"525",6.2516475722379,5.05824662003114,6.28543982423707,6.28543982135514
"526",5.96718548003386,5.12861383991365,5.92466696958237,5.92466693073793
"527",4.74105962439102,4.90907876152603,4.71427392178887,4.71427386630404
"528",10.7954989669176,6.08135001278718,12.3940572462296,12.3940571820037
"529",6.18562518544092,5.18800038928961,6.27191196008542,6.27191194770652
"530",4.11617574167056,4.43608643931433,4.08784216753029,4.0878421090493
"531",5.53330140048115,4.74241985260245,5.51278603338766,5.51278598204065
"532",10.3341733968289,6.57657837355421,10.5655236514851,10.5655236115315
"533",5.43323360716803,4.98884487460012,5.50482384983918,5.50482378806552
"534",8.87916227328921,5.2360043658575,8.95221630417687,8.95221626395976
"535",5.02126660041008,4.52897579903621,4.99037004799929,4.9903700104873
"536",5.79720835487199,4.20726628384444,5.7768551413428,5.77685509202693
"537",6.68453034532316,5.54625712957911,6.86927033116762,6.86927026659969
"538",9.86317527181773,6.33869711256927,10.472515376311,10.4725153250898
"539",6.21914930771042,5.16416369272071,6.35776914153131,6.3577690752148
"540",6.15664640233008,5.02342589522387,6.46031906652603,6.46031898511792
"541",6.70701220523812,5.55904257270404,7.11240506832726,7.11240498892725
"542",6.34390803270075,5.02342589522387,6.31885618671554,6.31885616033264
"543",4.83168799545374,4.68813382145265,5.04053328430976,5.04053318959872
"544",6.1799295963349,4.76430986805416,6.1408304427124,6.14083040180906
"545",7.9476025061038,5.47015962893972,8.34498858734048,8.34498852693572
"546",5.11587498433931,4.68813382145265,5.22492716446203,5.22492713544657
"547",4.87086989710771,4.67735141287198,4.90404535673346,4.90404528475273
"548",5.52105682275765,4.81947797625128,5.54472701464455,5.54472695348459
"549",4.47779114113412,4.54988060150048,4.50280902038829,4.50280894346039
"550",8.39776403854644,6.12350391724773,8.95432947746873,8.95432941219075
"551",4.65569513554575,4.38530697774986,4.65663411766046,4.65663405027691
"552",5.48865428938842,4.70977326396953,5.76080607928226,5.76080599125715
"553",7.42650033094606,5.48276964920854,7.58909651571602,7.58909647604862
"554",4.77060788051542,4.6131757456038,4.77810369666664,4.77810362911202
"555",10.9603158608507,6.01173737483278,11.3660249527159,11.3660249120067
"556",3.9935199513572,4.37522105158252,3.96490332235112,3.96490327069094
"557",4.20858302430602,4.27562886151586,4.17860296641523,4.17860293862283
"558",9.4076618895879,6.18016400138416,9.78779174221123,9.78779171415406
"559",4.05954558663967,4.5081670454146,4.0370229469979,4.03702294679643
"560",7.03978176274085,5.10504999975406,7.41548072663288,7.41548072662521
"561",12.9303684819624,5.79428696426881,13.069074841659,13.0690748415801
"562",3.45208631431186,4.14954042634363,3.46057250322953,3.46057249297835
"563",7.29018354166299,5.62341325190349,7.69651554489809,7.69651552199305
"564",5.71960431232788,4.7206304126359,5.77494870739529,5.77494864372962
"565",6.91504356647631,5.62341325190349,6.9319432685516,6.93194326853995
"566",7.17123632855683,5.10504999975406,7.51378610400306,7.51378604326484
"567",6.08270399039014,5.0815944256056,6.05124189087857,6.05124185017821
"568",5.97924964746533,5.11681835540308,6.03803850619504,6.03803844535816
"569",4.1554440915982,4.24619563946313,4.24516586305979,4.24516576378756
"570",8.01815597136005,5.2239618899912,8.18354220763822,8.18354216667187
"571",5.94522384462924,5.12861383991365,6.06341282117733,6.06341275396539
"572",6.54966527645941,5.27229861422823,6.65974551279902,6.65974545575305
"573",3.20172644779415,4.1399967481973,3.19037261384683,3.19037260951087
"574",5.27514525767152,4.63446919736288,5.4223753932799,5.42237531175
"575",4.88777615156768,4.48745389933132,4.88411415129388,4.88411408841175
"576",7.55600537106964,5.70164272280748,7.79389699551558,7.79389693640212
"577",5.02273315736055,4.76430986805416,4.99033451174504,4.99033446948074
"578",12.0428107697735,6.12350391724773,13.2997361877695,13.2997361339668
"579",4.97899008090645,4.47713304176363,5.0279593983591,5.02795932507922
"580",6.06602706656762,5.12861383991365,6.04311618453181,6.04311613779909
"581",6.72003097107448,4.98884487460012,6.680284021337,6.68028398430553
"582",5.82853611014455,4.88652359342834,5.89773652130719,5.89773648423005
"583",6.53499644496746,5.17606831950568,6.93129421152521,6.93129413521198
"584",5.31792398682333,4.81947797625128,5.37043237278864,5.37043230414205
"585",6.45229360592761,5.21194711105081,6.66288670033687,6.66288663065869
"586",4.55930402810658,4.51855944374923,4.58353421571663,4.58353414047078
"587",6.98117013122023,5.17606831950568,7.41950701598179,7.41950693937949
"588",5.13900236646488,4.77529273657691,5.11474553421415,5.11474548087327
"589",5.03225051242597,4.54988060150048,5.34921101920426,5.34921091186365
"590",5.89988422627813,5.15228644581757,6.03186957789205,6.03186950781234
"591",3.95772539723043,4.07380277804113,3.93267890102062,3.93267883715834
"592",6.53977333717934,5.17606831950568,6.5766607249564,6.57666067224176
"593",7.21691823079161,5.02342589522387,7.69370335743855,7.69370330448709
"594",5.62014698941553,5.2239618899912,5.63369258338513,5.63369252516094
"595",7.06832112390601,5.67544605408547,7.30917743666616,7.30917737223791
"596",7.28782982051695,5.55904257270404,7.65658849947654,7.6565884325183
"597",6.02197349243568,5.03500608787905,6.14577220700517,6.1457721419833
"598",6.05199220437517,5.05824662003114,6.08807650407827,6.08807644686312
"599",4.32514322226378,4.57088189614875,4.29406994317216,4.2940698905188
"600",5.24746393344465,4.85288500162121,5.21031024196065,5.21031021024291
"601",6.69366088139383,4.80839348449728,6.84119176742691,6.84119172025583
"602",5.0192945007767,4.85288500162121,5.15466522114372,5.1546651500594
"603",5.64134881125946,4.45656248397503,5.60208728546788,5.60208724909074
"604",5.38997294686874,4.6131757456038,5.41269554912095,5.41269552186676
"605",7.96935192361524,5.37031796370253,8.53308944239295,8.53308937362844
"606",7.03980790482592,5.66239289038253,7.55653208928681,7.55653201790318
"607",4.48218611567605,4.38530697774986,4.45304911172684,4.4530490683724
"608",13.2578295690101,6.35330931851744,15.1940340726482,15.1940340179533
"609",4.17872922275818,3.98107170553497,4.17489495212616,4.17489487885458
"610",9.66338091304108,5.9566214352901,10.7316743938019,10.7316743621663
"611",5.86726274421953,4.93173803954936,5.84194865223264,5.84194861255302
"612",5.88265319170177,5.27229861422823,5.89851676770716,5.89851671180619
"613",5.21852167075394,4.7206304126359,5.30306371411107,5.30306363901704
"614",5.58061049476733,5.00034534976978,5.6144109539988,5.61441090521827
"615",4.02199091041085,4.41570447353313,4.02300420513905,4.02300415270146
"616",4.1351681185302,4.43608643931433,4.11509077891615,4.11509071297965
"617",12.5724962420364,6.90239803840242,16.0739760502103,16.0739759823828
"618",3.2419580368282,3.70680721782576,3.22643659922334,3.22643655604911
"619",4.72443589388673,4.70977326396953,4.69779996391799,4.69779990820321
"620",5.22653363892333,4.77529273657691,5.22106040229225,5.22106034400023
"621",4.90314629476993,4.75335225942805,4.96373266390942,4.96373266341265
"622",7.38261581763161,5.04661297563528,7.61969483454647,7.61969477646626
"623",8.07090429999877,5.87489352529777,8.62278444329581,8.62278437516144
"624",11.8061318039515,6.15176872709868,12.1767295327809,12.1767294953864
"625",5.85398886606416,4.9545019080479,6.03199481100433,6.03199473529581
"626",6.81103570524294,4.83058802039773,6.81930578197181,6.81930573588736
"627",4.94764496492918,5.03500608787905,4.96229298082431,4.9622929140501
"628",4.3096252224894,4.39541615437825,4.3417012780391,4.34170120092619
"629",4.60100543526012,4.42588372362626,4.57843892104509,4.57843886190344
"630",3.99735727393365,4.00866717627303,3.9689307848506,3.96893073661557
"631",3.65464053970645,4.34510224171571,3.63466427894932,3.63466427867926
"632",6.47318427685132,5.48276964920854,6.67791303667673,6.67791296760402
"633",7.07581170240747,5.61047976032471,7.19191158213728,7.19191152985906
"634",5.50518992845396,4.96592321450336,5.47511374962206,5.47511372323994
"635",10.3151915687582,5.61047976032471,10.5611947291264,10.5611947036731
"636",4.62958934828738,4.65586093522959,4.59618925749867,4.59618920905179
"637",5.31471639371225,5.05824662003114,5.34329239719832,5.34329233258707
"638",5.08711842854918,4.60256573581356,5.0909445830963,5.0909445207368
"639",6.16300216211068,5.34564359396972,6.26889849057931,6.26889848806772
"640",11.3154652873176,6.54636174067275,12.2279531444356,12.2279530925003
"641",6.51524814318329,4.84172367584099,6.83199282587725,6.83199275522826
"642",5.29089375847455,4.93173803954936,5.31140802393527,5.31140796053285
"643",6.40009638425667,5.17606831950568,6.36135816004537,6.361358119857
"644",8.48547205915297,5.66239289038253,8.44518224564706,8.44518223075092
"645",6.29295458644688,5.37031796370253,6.31716737626936,6.31716732344838
"646",10.1244262751433,5.97035286583837,10.3631505602792,10.3631505188262
"647",6.10357905388487,5.10504999975406,6.57113260959195,6.57113252061796
"648",6.47336652986668,4.93173803954936,6.43114465791423,6.43114461949673
"649",4.19945612387732,4.44631267469109,4.18557288349061,4.18557281565935
"650",5.96799134892721,5.19995996533516,6.1921786328121,6.19217857195463
"651",6.08407258919857,5.06990708274704,6.11498474543116,6.1149846897376
"652",5.12958641131746,4.39541615437825,5.09340070490422,5.09340066424894
"653",6.57004993595302,5.35796657513342,6.72239682476494,6.72239678058942
"654",4.13183720953032,4.39541615437825,4.11110570755501,4.11110564201194
"655",7.08837070130224,5.44502652842421,7.21184747953616,7.21184742361557
"656",6.05783750127581,5.02342589522387,6.0950847946528,6.0950847373276
"657",3.82261521713793,4.32513831035009,3.79808863795434,3.79808858762719
"658",5.03764234928892,4.68813382145265,5.05804210608164,5.05804203931695
"659",6.92806295643064,4.98884487460012,7.01294949297879,7.01294947812071
"660",4.4553220964747,4.67735141287198,4.45132842014337,4.45132835138707
"661",3.47815075806224,4.16869383470335,3.45605449442931,3.45605448980639
"662",6.32434515895271,5.47015962893972,6.34825207404065,6.3482520215468
"663",8.10902791080231,5.90201080171844,8.7010318282533,8.70103176143998
"664",6.02258830539566,4.84172367584099,6.11102754393475,6.11102748882893
"665",4.40670344225437,4.2854852039744,4.37553022429286,4.37553019914034
"666",5.79073600556095,5.14043651582426,5.82667029318785,5.82667023357609
"667",4.84928943899607,4.42588372362626,4.91494518816785,4.91494512587797
"668",5.82702087136913,5.02342589522387,5.82206008427768,5.8220600317183
"669",4.0721644125978,4.15910610494022,4.04538383620799,4.04538378812407
"670",6.91478840044411,5.67544605408547,7.4053058301242,7.40530574892293
"671",5.67927869663431,4.9545019080479,5.63952848791081,5.63952845232706
"672",4.46657382861843,4.32513831035009,4.4727345292122,4.47273445773351
"673",5.70969755991284,5.05824662003114,5.69795778566448,5.69795775809417
"674",7.99480377508467,5.74116462207327,9.0827064913398,9.08270640057032
"675",4.40433062880206,4.37522105158252,4.41784403042861,4.41784399898558
"676",5.25694145550862,4.90907876152603,5.36576629318726,5.36576621535083
"677",6.29886441058269,5.2844525177518,6.30674774366498,6.30674769281277
"678",6.94923002847843,5.33334895487621,7.08737810761263,7.08737810749009
"679",6.74417125196517,5.30884444230988,6.95546916355268,6.95546911383249
"680",4.34383859377444,4.77529273657691,4.31816919690752,4.31816915438161
"681",4.94215082374355,4.70977326396953,4.90649909506801,4.90649905466455
"682",5.22263572807853,5.01187233627272,5.28399303794431,5.28399296645346
"683",4.67782550109723,4.60256573581356,4.64940033475513,4.64940028310568
"684",6.17131767788098,5.09330871057195,6.23973188238039,6.23973182341174
"685",4.03404872512246,4.22668614265603,4.01954553903468,4.01954546843264
"686",6.39806144066252,5.38269782516288,6.55204769851708,6.55204763263915
"687",7.53259107428644,5.63637655825954,7.5123774748441,7.51237747398909
"688",7.08211187237489,5.61047976032471,7.29130824116565,7.29130818484797
"689",16.0415066043528,7.78036551039804,17.5516738874579,17.5516738849918
"690",9.24224221316523,5.32108259266794,9.56530825919284,9.56530821219554
"691",7.15968601954325,4.9545019080479,7.18559910240921,7.1855990605069
"692",8.31697082021932,5.37031796370253,8.37106382806707,8.37106378942004
"693",6.02292430922941,5.2360043658575,6.13925347759975,6.13925341570202
"694",5.10756866637165,4.33510878387529,5.07173586122294,5.07173581492464
"695",6.86727198242872,5.5975760149511,7.03424581052722,7.03424574907662
"696",5.14528721415226,4.75335225942805,5.19968546353751,5.19968539263605
"697",4.34939818246544,4.43608643931433,4.34669477064892,4.34669470053178
"698",4.90453456875971,4.84172367584099,5.2151342168747,5.21513410646897
"699",4.32202399846488,4.31519076827765,4.29368385629521,4.29368381108039
"700",6.22880217935001,5.39510622515128,6.26278354070848,6.2627835133219
"701",4.95792965470517,4.85288500162121,4.99722394870155,4.99722387689602
"702",4.6544640730016,4.65586093522959,4.64154866565656,4.64154860288387
"703",7.53562294170686,5.5975760149511,7.60145581981032,7.6014557721841
"704",6.00871067686244,5.2360043658575,6.10405057187204,6.10405051461049
"705",9.95550901115291,6.15176872709868,11.2233274232777,11.2233273525482
"706",9.90795115023945,5.75439937337157,10.6243845247079,10.6243845196768
"707",7.14228771949214,5.47015962893972,7.61770356217046,7.61770350097997
"708",4.92679424137465,4.43608643931433,4.89390220562481,4.89390217246218
"709",5.60408049526643,4.74241985260245,5.57427369008393,5.57427365435658
"710",9.90667540086071,6.18016400138416,10.579545068693,10.5795450135049
"711",10.3117378185873,6.41209576585161,12.0485352741303,12.0485351959687
"712",6.38889578202154,5.24807460249773,6.46343071368262,6.46343065555373
"713",4.6377006180198,4.46683592150963,4.61469191340838,4.61469187608901
"714",7.42589711137789,5.37031796370253,7.55807459186806,7.55807454721637
"715",8.35870667269018,5.32108259266794,8.43870416825767,8.43870416825747
"716",8.33600192972327,5.49540873857625,8.59867126100384,8.59867125733288
"717",4.31243176937974,4.10204102986607,4.2863590232199,4.28635896353516
"718",5.22557172984973,4.51855944374923,5.18844529390472,5.18844525432241
"719",14.7803968340647,6.16595001861482,14.6740846154878,14.6740846052539
"720",8.08049875736564,5.66239289038253,8.21483897667664,8.21483893353852
"721",3.98250088664533,3.98107170553497,4.02328772105001,4.02328772105001
"722",6.75150654319573,5.06990708274704,6.87199031939873,6.87199026052062
"723",6.3837136156754,5.18800038928961,6.57126229515685,6.57126222640833
"724",6.12791086534881,4.76430986805416,6.15994239188334,6.1599423462062
"725",4.52344127800158,4.60256573581356,4.49203602391866,4.49203597109197
"726",8.49609276279683,6.01173737483278,9.05402633125461,9.05402626729817
"727",2.89734452295876,3.88150365990648,2.89767364905125,2.89767360644754
"728",5.31619950370228,4.65586093522959,5.32558947219544,5.3255894113539
"729",6.63165246213645,5.15228644581757,6.99040053261838,6.99040046612619
"730",5.12109925116794,4.96592321450336,5.08440085911265,5.08440081728929
"731",7.75883948999754,5.39510622515128,7.79648210607798,7.79648206322066
"732",4.26144468840904,4.30526610491711,4.25024752542114,4.25024745658293
"733",5.88528641033346,4.53941616650203,5.87763916344103,5.8776391118755
"734",5.11470719798541,4.6131757456038,5.17492811934278,5.17492809236117
"735",4.2836689879627,4.5081670454146,4.25472923908829,4.25472920104632
"736",4.3904861789034,4.34510224171571,4.38168707372732,4.38168704768515
"737",3.91837470982564,4.03645392967605,3.8958010224087,3.895800955851
"738",5.04192904139728,4.79733448636689,5.19011375755864,5.19011367030622
"739",4.78710130963369,4.47713304176363,4.75405424306782,4.75405420024739
"740",5.6433465981957,4.83058802039773,5.65917627513001,5.65917622519489
"741",4.76836519705494,4.67735141287198,4.73619876579013,4.73619872847613
"742",6.26004958275352,5.2844525177518,6.26947107857491,6.26947107615641
"743",3.50644889930971,3.88150365990648,3.48659315619016,3.48659315514459
"744",7.42207845140203,5.37031796370253,7.5055497805541,7.50554973083293
"745",8.02488521605571,5.21194711105081,8.25826813003232,8.2582680763306
"746",5.43220197105346,4.88652359342834,5.41304023369771,5.41304018942673
"747",4.90629256969901,4.5081670454146,4.87347860832565,4.8734785621075
"748",6.68341296095303,5.54625712957911,6.80931734196645,6.80931728767833
"749",7.5798667991338,5.0815944256056,7.55186048893312,7.55186045143632
"750",6.2440382243702,5.0815944256056,6.21673324757624,6.21673320318262
"751",9.21301499935177,6.0394862937638,10.072151673556,10.0721516093834
"752",5.76079644126622,4.92039535681451,6.01885396970019,6.01885389243847
"753",4.1547313671266,4.35511873685569,4.26869410296643,4.26869399868006
"754",12.4939773486488,6.2230028516916,13.3424507422432,13.3424506978997
"755",8.13500047715872,6.02559586074358,8.5720126566502,8.57201259455548
"756",6.86810224628617,5.33334895487621,7.58574677953756,7.58574668894785
"757",6.93102538622971,5.67544605408547,7.24327481031006,7.24327474013248
"758",5.81359219977774,4.43608643931433,5.77161847903511,5.77161844103708
"759",3.48683504947568,3.89941986676544,3.46247385939316,3.46247380035501
"760",5.906432289843,5.09330871057195,5.968913702484,5.96891364016501
"761",5.84201056117712,5.02342589522387,5.91850943945502,5.91850937471796
"762",7.84973935316269,4.9545019080479,7.98983184379192,7.9898317934359
"763",5.93102863431676,5.21194711105081,5.95567159801351,5.95567158590238
"764",8.82737201481125,6.09536897240169,9.53113857847096,9.53113851742084
"765",6.14933772363828,4.98884487460012,6.16019845354342,6.16019840095227
"766",8.13146253316487,5.50807696405404,8.3698254691656,8.36982542174795
"767",5.68862159104119,4.63446919736288,5.74756752495738,5.74756746047512
"768",5.62781203816253,5.16416369272071,5.75000886317777,5.75000879064129
"769",7.65920384159807,5.54625712957911,8.04110552644693,8.04110548011976
"770",6.51620626480673,5.43250331492433,6.62188723681736,6.621887178341
"771",5.58841427525808,4.88652359342834,5.62890532670104,5.62890526358216
"772",4.65386916507386,4.77529273657691,4.6302681192311,4.63026809927946
"773",4.23266330641433,4.38530697774986,4.21606290268647,4.21606286755257
"774",13.5269480705584,7.07945784384138,14.6761216593955,14.6761216241271
"775",4.87604773455106,4.79733448636689,4.84083999204971,4.84083998397254
"776",5.25401933612987,4.27562886151586,5.21609517957612,5.21609514684993
"777",4.05043032321321,4.52897579903621,4.03926170707034,4.03926163489959
"778",3.63297730603373,4.05508535448384,3.63556446148746,3.63556441347618
"779",5.979660428781,5.32108259266794,6.13396012007291,6.13396011101317
"780",13.8586784476243,6.4268771731702,14.8960312927733,14.8960312514639
"781",7.34837693490939,5.2844525177518,7.62417801515077,7.62417795172031
"782",6.08558115466807,5.06990708274704,6.39611710098538,6.39611705557333
"783",11.5231874881971,7.27779804536824,15.4321778606303,15.4321777577223
"784",8.57738777986897,5.79428696426881,9.59519805019965,9.59519799349634
"785",7.65901996987531,5.06990708274704,7.69388811799273,7.69388807376074
"786",4.64766168190076,4.56036915951296,4.61525108519427,4.61525103399164
"787",9.95674689912831,5.55904257270404,10.3477693471146,10.3477693382662
"788",4.46544361721052,4.58141886714534,4.43370756397777,4.43370751676368
"789",3.83277365804592,4.44631267469109,3.81081385877196,3.81081379041891
"790",7.88444082642727,5.44502652842421,8.06725933901755,8.06725928599153
"791",4.28322525774961,4.36515832240166,4.25649678450651,4.25649672514334
"792",5.64351634116935,5.21194711105081,5.75054293911182,5.75054286809236
"793",6.34070399959918,5.19995996533516,6.36646266538727,6.36646261233285
"794",5.28888274583996,4.78630092322638,5.2525517587481,5.25255174724914
"795",5.17001811419622,4.74241985260245,5.13925197611093,5.13925194026653
"796",8.49660672398971,5.91561634175474,9.00363681696074,9.00363676031428
"797",5.24959032441356,4.88652359342834,5.25749549710843,5.25749543579282
"798",6.22203102084426,4.29536426764887,6.19401955996384,6.19401951557186
"799",4.79619883131067,4.5081670454146,4.76230271277211,4.76230266814657
"800",4.96090042005857,4.45656248397503,5.02460413794017,5.02460406173171
"801",8.64024973687775,5.80764417521312,9.6038867450697,9.60388674493563
"802",3.93199265481427,4.52897579903621,3.90386636680924,3.90386636063029
"803",4.97318796943403,4.52897579903621,4.93834202122997,4.93834199423848
"804",5.85052253486161,4.73151258961481,6.13791772427955,6.13791763856203
"805",7.85469532246389,5.06990708274704,8.16325567365575,8.16325561893897
"806",9.29787149930176,5.9292532458,9.56967794047282,9.56967793981113
"807",6.66792926664802,5.26017266390706,6.73365087988103,6.73365085996221
"808",10.0216999843378,5.54625712957911,10.1717745851564,10.1717745470832
"809",12.4026525684298,7.03072319883833,15.4592819439557,15.4592818628733
"810",6.1488857010326,5.38269782516288,6.13811628650372,6.13811624346105
"811",7.04015891381893,5.5718574893193,7.00717892188464,7.00717888313104
"812",5.78549224986307,4.89778819368446,5.77142074697812,5.77142069599877
"813",7.91889450257279,5.82103217770872,8.18533260138511,8.18533257236833
"814",7.247507248777,5.58470194736831,7.67057458256815,7.6705745098574
"815",7.34922779430652,5.66239289038253,7.32305591496129,7.32305588473152
"816",14.632822490404,6.59173895244321,15.4854734610853,15.4854734250296
"817",9.39823054448775,5.84790084144481,9.67753359278472,9.6775335466232
"818",4.19695643383771,4.46683592150963,4.17042594128902,4.17042592120339
"819",6.76824441516879,5.47015962893972,7.14083859971222,7.14083854198377
"820",6.30460540078493,5.33334895487621,6.28966013459586,6.28966008793055
"821",4.51858828835178,4.6131757456038,4.56891314106186,4.56891305902314
"822",5.64520668963992,4.77529273657691,5.64549550401859,5.64549544862
"823",4.97820029165293,4.6238102139926,4.95322735325718,4.95322729884928
"824",7.33265811782145,5.66239289038253,8.6895017901512,8.68950173940502
"825",5.81197764226947,5.35796657513342,5.98174721043162,5.98174713486197
"826",7.05541568756046,5.21194711105081,7.51179480983156,7.51179475244565
"827",5.91778859556256,5.18800038928961,6.16897909553148,6.16897901423218
"828",7.09491716404436,5.71478636671867,7.3568208527633,7.35682078796315
"829",4.91373935625042,4.56036915951296,5.03361733207746,5.03361724605853
"830",4.11764611300547,4.56036915951296,4.11206408740167,4.11206401382818
"831",6.00785034983893,5.42000890401624,5.9692992242559,5.96929918286548
"832",5.58536310827252,5.03500608787905,5.71669599972694,5.71669593456075
"833",7.17118646000353,5.17606831950568,7.28256541551789,7.28256536962081
"834",5.99759514941302,4.77529273657691,6.01466485527759,6.01466480242851
"835",6.39204734399361,5.00034534976978,6.46830788418148,6.46830786701005
"836",55.2294980762793,10.4954242865232,55.007697474246,55.0076974734654
"837",7.96925869482421,5.66239289038253,8.12532684181668,8.1253268333813
"838",10.7561992781187,6.48634433548239,11.8883176787528,11.888317678371
"839",6.09093928793078,5.02342589522387,6.38804184956851,6.38804178320801
"840",4.23268050563152,4.46683592150963,4.21759115998384,4.21759112230024
"841",6.72460137570261,5.55904257270404,6.82973423484855,6.82973423468731
"842",4.7202480177426,4.60256573581356,4.74538477742469,4.74538476428548
"843",10.6703747357773,6.2230028516916,12.0748613188382,12.0748612518109
"844",7.5055988230854,5.75439937337157,7.55551822085289,7.55551817438006
"845",7.17684639585704,5.44502652842421,7.99877050015243,7.99877040801672
"846",4.16784227291241,4.44631267469109,4.13995119935025,4.13995114043599
"847",6.79113780576836,5.17606831950568,6.7421755522378,6.74217553786558
"848",5.87419939565867,4.9545019080479,5.84155868094402,5.84155863601711
"849",6.37016032482598,5.03500608787905,6.42815777114618,6.42815771475479
"850",5.61226885742295,4.77529273657691,5.58684287153234,5.58684282233172
"851",5.0049207797918,5.11681835540308,4.97994113985998,4.9799410856857
"852",8.34459325096774,5.62341325190349,8.70636736551351,8.70636730812912
"853",3.79869549326036,4.37522105158252,3.77618110255089,3.7761810343222
"854",4.40628972537297,4.59198012836868,4.38912365840334,4.38912360098282
"855",4.75671111430166,4.58141886714534,4.7254719194837,4.72547187835793
"856",4.38331650439424,4.75335225942805,4.37237843747635,4.37237837031065
"857",4.78264622294405,4.54988060150048,4.74868488815781,4.74868484528481
"858",4.76294236015731,4.26579518801593,4.76432228143278,4.76432227805766
"859",8.89328800837163,5.72796030985829,9.14373394831252,9.1437338993107
"860",5.49363725878597,4.78630092322638,5.71642378403375,5.71642378403122
"861",7.12510649760304,5.47015962893972,7.46612507937142,7.46612500952567
"862",6.71058014905709,5.2360043658575,7.09054166196815,7.09054165677943
"863",3.8210090374686,4.42588372362626,3.79356850595012,3.79356844623251
"864",5.11394493662811,4.7206304126359,5.07702008946091,5.07702006133884
"865",6.30867711628317,5.04661297563528,6.28375247169295,6.28375247078467
"866",5.23831959164138,5.00034534976978,5.31895140443658,5.31895133024614
"867",5.37627619733945,5.06990708274704,5.4245545409273,5.42455448356112
"868",5.06936994106605,4.42588372362626,5.09115282117286,5.09115275455305
"869",3.4953160617803,4.1399967481973,3.47037816382064,3.47037810309727
"870",4.78283130987453,4.44631267469109,4.8201853988777,4.82018532455868
"871",7.36050312563147,5.14043651582426,7.68781031731489,7.68781025112533
"872",5.22565383308387,4.6131757456038,5.34718594976786,5.34718587889315
"873",5.972508683062,4.98884487460012,6.31335455050023,6.31335446303255
"874",6.43358005387327,4.9545019080479,6.49724894405125,6.49724889025537
"875",5.62496197133366,4.89778819368446,5.69798820147163,5.6979881455203
"876",6.26759535662292,4.92039535681451,6.34141419892552,6.34141416170316
"877",4.85178919299095,4.30526610491711,4.82280473930014,4.82280473865599
"878",6.1071875743502,5.03500608787905,6.21075014752408,6.21075014751903
"879",5.68251858511444,4.79733448636689,5.64417034275617,5.64417030374611
"880",4.00516549367431,4.20726628384444,3.97830254754955,3.97830249796912
"881",4.94762480509749,4.68813382145265,5.12770900459254,5.12770891104215
"882",6.85805401200772,5.14043651582426,7.08503374147433,7.08503368305747
"883",4.8788242990314,4.86407205691462,5.06579567488712,5.06579557879706
"884",10.0903221267521,6.06736329588505,10.2943052333127,10.2943052093039
"885",6.92746524697282,5.0815944256056,7.11044482398932,7.11044476204146
"886",3.63912030007589,4.16869383470335,3.6183692602688,3.61836919140618
"887",4.8121916799464,4.59198012836868,4.80859774381657,4.80859767994454
"888",6.92299943013911,5.38269782516288,6.97783013267233,6.97783012794452
"889",7.25412205551393,5.37031796370253,7.98368175236874,7.98368167990339
"890",5.11601014953603,5.02342589522387,5.11386764644445,5.1138675928164
"891",6.484737378001,5.00034534976978,6.43817368611311,6.43817365291896
"892",6.05696164504158,5.12861383991365,6.01882138185786,6.01882135386428
"893",6.59474868015774,5.27229861422823,6.5549463337365,6.55494630202953
"894",7.16216042093544,5.48276964920854,7.24011852349582,7.24011852337559
"895",7.89246551701494,5.64936974812303,8.60570738621375,8.60570734255309
"896",8.78373097341796,5.86138164514029,9.95951826060919,9.95951817856083
"897",5.48856145039659,5.04661297563528,5.5601037213905,5.56010365238503
"898",5.570945144751,4.87528490103387,5.61280186117211,5.61280185948539
"899",7.3836068146492,4.89778819368446,7.53567084647888,7.53567080602529
"900",6.92334442428888,5.63637655825954,7.41981010857114,7.41981004696367
"901",7.67495783552673,5.72796030985829,8.23008422397362,8.23008420448803
"902",4.70518099368322,4.49779854893288,4.67121497177271,4.67121492496972
"903",3.9784864873239,4.27562886151586,3.96152406749683,3.9615240641327
"904",6.75346747965827,5.19995996533516,7.04478695146579,7.04478687984957
"905",9.23314902330512,5.99791076255509,9.50041630589916,9.50041625973236
"906",5.17479131072488,4.86407205691462,5.16337182803645,5.16337177303682
"907",3.26069859257359,3.90840895792402,3.2716587281428,3.27165872814269
"908",4.322207857229,4.36515832240166,4.33627058225974,4.33627052118205
"909",4.7912295850802,4.7206304126359,4.7578055972495,4.75780559342021
"910",10.1751976562849,6.51628394060843,11.2568510561448,11.2568510552638
"911",5.02771620582139,4.65586093522959,5.11174449384134,5.11174441549224
"912",3.5533461140006,4.34510224171571,3.52868002233478,3.52867995507944
"913",6.21641293626586,4.66659380314289,6.29249578093608,6.29249572090556
"914",3.56899241409116,3.91741877107783,3.54812001965313,3.54811995666861
"915",4.99137447873889,4.46683592150963,4.95533389193546,4.95533384747661
"916",6.66316537157039,5.2360043658575,6.97640662883006,6.97640655465245
"917",11.1376843059925,6.08135001278718,13.9347793014488,13.9347792345245
"918",5.17557893597148,4.58141886714534,5.304645653213,5.30464557125879
"919",4.27607484199168,4.14954042634363,4.25241953690525,4.25241947502344
"920",6.85420894774129,5.2844525177518,6.88165934834928,6.88165929930699
"921",5.32285893738369,4.85288500162121,5.30943188313772,5.30943182993871
"922",5.65976002054595,5.06990708274704,5.7185524716303,5.71855240683352
"923",5.85232307337313,5.24807460249773,6.14997855748807,6.14997847695866
"924",5.28198051761763,4.84172367584099,5.25652979955524,5.25652974785918
"925",5.8724879600117,5.01187233627272,6.27578844688501,6.27578835254897
"926",4.62561303707296,4.48745389933132,4.60034871484824,4.60034866309777
"927",4.06548882325436,3.94457302075278,4.06554663517631,4.06554655831126
"928",7.09513300839862,5.14043651582426,7.2666687813728,7.26666873636563
"929",4.65797158228982,4.76430986805416,4.66314781129002,4.66314774270379
"930",9.0097411187062,6.10942024905572,10.1073364667142,10.1073363900101
"931",4.21892727377187,4.40554863506553,4.20131871465422,4.20131870916855
"932",7.37019373440368,5.17606831950568,7.52090545480733,7.52090540352319
"933",4.94216614291361,4.79733448636689,4.99039569113166,4.99039562740285
"934",7.50222369532646,5.64936974812303,7.51813474956251,7.51813471631999
"935",7.8049974617417,5.00034534976978,7.97067464604304,7.97067459345928
"936",7.35082009056924,4.89778819368446,7.37803508698348,7.3780350456117
"937",7.97424408550882,5.70164272280748,8.70495708965303,8.70495703786319
"938",7.46840493314608,5.47015962893972,7.71047317680874,7.71047312200815
"939",4.5577340963297,4.69894108605216,4.54002718648559,4.54002712450822
"940",7.41742326429561,5.44502652842421,7.83744124700689,7.83744124642025
"941",6.13271592357736,4.98884487460012,6.09224075297737,6.09224071261113
"942",5.61381022163812,4.88652359342834,5.68595272668077,5.68595266186689
"943",4.3058592451933,4.6238102139926,4.27916718881148,4.27916712960083
"944",10.6788874409545,6.12350391724773,11.5723645158358,11.5723644775742
"945",5.96325431299631,5.02342589522387,6.00710846592539,6.00710841802004
"946",4.44701600934106,4.43608643931433,4.51003206763219,4.51003198138307
"947",4.32039555303046,4.44631267469109,4.30027998061955,4.30027994130893
"948",3.59505237588499,3.93550075455778,3.57570477103166,3.57570472211106
"949",8.31406735096308,5.72796030985829,8.9221568679392,8.92215679975004
"950",4.51799644198972,4.54988060150048,4.53457918714007,4.5345791131551
"951",5.68326030803275,4.89778819368446,5.69060598400972,5.69060592760096
"952",6.05273770675721,4.70977326396953,6.23154113467613,6.23154106202766
"953",10.4844823858506,6.45654229034656,10.985297632058,10.9852976305602
"954",4.94764651957848,4.6131757456038,4.93913842341463,4.93913837975073
"955",6.43106768202932,5.21194711105081,6.40648538626124,6.40648537831914
"956",7.0288401368813,5.06990708274704,7.01499012250057,7.0149900802444
"957",7.32625606137718,5.67544605408547,7.48814198663241,7.48814193465487
"958",4.58776808175971,4.75335225942805,4.62880296322776,4.62880288458469
"959",4.93145654562489,4.70977326396953,4.89585392097806,4.89585391679781
"960",6.33478618224051,5.14043651582426,6.34016658418056,6.34016654039683
"961",12.8917911460125,7.17794291271361,14.3590205736173,14.3590205215401
"962",4.37640897930172,4.74241985260245,4.44435322740001,4.4443531384772
"963",10.6481384852084,6.28058358813318,11.5815589746431,11.5815589177538
"964",8.44736963780183,5.47015962893972,8.53635757184128,8.53635753070634
"965",12.5797797083085,6.90239803840242,13.9787283106741,13.9787282578178
"966",6.12955497168754,4.73151258961481,6.19488862266506,6.19488856290313
"967",7.12562729097596,5.71478636671867,7.47768322058612,7.47768315010772
"968",5.66793455704903,5.05824662003114,6.09403511659526,6.09403502145284
"969",6.61080648275763,4.81947797625128,6.63186966697369,6.63186963017851
"970",7.41708028314137,5.11681835540308,7.81048145000607,7.81048138087387
"971",6.0951793241517,5.16416369272071,6.13433382362299,6.13433376944071
"972",6.11681174083653,5.12861383991365,6.13399317535213,6.13399312237166
"973",6.06967024244867,5.2239618899912,6.15371185889206,6.15371179853391
"974",5.93627955902955,5.06990708274704,5.89763232700914,5.89763229582535
"975",6.48994633054972,5.2844525177518,6.61494692831498,6.61494687450562
"976",6.56355688292604,5.52077439280757,6.97484566494464,6.97484558277828
"977",4.84523818787259,4.68813382145265,4.89761194999116,4.89761187378224
"978",7.97250128202994,5.40754322945581,8.27955349734496,8.27955344043979
"979",6.41207147765305,5.2239618899912,6.48419992045739,6.4841999153188
"980",6.73575552852386,5.83445104273745,7.09188783854622,7.09188777612014
"981",6.55225505458778,4.94310686986835,6.54763933085336,6.54763928436448
"982",7.35463793484181,5.75439937337157,7.73472407107542,7.73472405221624
"983",3.72013298533826,4.09260659730011,3.69687343467428,3.69687338366286
"984",3.47447857665535,4.06443329165213,3.46478534219388,3.46478533847263
"985",5.82337217418557,4.88652359342834,5.81019886831312,5.81019881743595
"986",4.37119761907774,4.25598413133743,4.34931728496719,4.3493172849565
"987",4.88237133354151,4.52897579903621,4.91865018794439,4.9186501678319
"988",4.60716477645819,4.41570447353313,4.63601880991218,4.63601873440351
"989",6.69747567558424,5.49540873857625,7.28615878738901,7.28615871431436
"990",6.09985669628469,5.04661297563528,6.0878591704464,6.0878591439208
"991",5.08305492728002,4.74241985260245,5.2183693841098,5.21836929950827
"992",5.23217943973777,4.53941616650203,5.25257458676476,5.2525745226293
"993",4.36780363506491,4.57088189614875,4.3372971664649,4.33729711210629
"994",10.3377346915361,6.01173737483278,11.1977305182479,11.1977304827638
"995",5.23906390631733,4.85288500162121,5.20219470462123,5.20219466840225
"996",5.29560966665256,4.39541615437825,5.33550469443485,5.3355046277943
"997",7.30468578162235,4.9545019080479,7.69256770540163,7.69256763663607
"998",4.25526936241298,4.40554863506553,4.23348760854579,4.23348755179144
"999",6.52192565658351,4.96592321450336,6.51437513404597,6.51437508758092
"1000",3.21788976814736,3.96278034255439,3.22425852391881,3.22425849013302
